﻿<?xml version="1.0" encoding="UTF-8" standalone="yes"?>
<addon id="plugin.video.hs" name="H-S Videos" version="0.1.9" provider-name="Hani Alshikh">
	<requires>
		<import addon="xbmc.python" version="3.0.0" optional="false"/>
		<import addon="script.module.requests" version="2.22.0" optional="false"/>
		<import addon="script.module.beautifulsoup4" version="4.9.3" optional="false"/>
		<import addon="script.module.pil" version="5.1.0" optional="true"/>
		<import addon="script.module.myconnpy" version="1.1.7"/>
	</requires>
	<extension point="xbmc.python.pluginsource" library="hs.py">
		<provides>video</provides>
	</extension>
	<extension point="xbmc.service" library="service.py"/>
	<extension point="xbmc.addon.metadata">
		<summary lang="en">H-S Videos - Arabic videos at your finger tips</summary>
		<description lang="en">Watch from a huge selection of Arabic Videos reliably and ad-free...
			Please Note: This addon requires the use of a compatible cloud service.
		</description>
		<platform>all</platform>
		<license>GNU GENERAL PUBLIC LICENSE. Version 3, 29 June 2007</license>
		<website>https://github.com/HaniAlshikh/plugin.video.hs</website>
        <source>https://github.com/HaniAlshikh/plugin.video.hs</source>
		<disclaimer lang="en">
			The information contained within the H-S Videos software (the "Service") is for general information purposes
            only.
			The author assumes no responsibility for errors, omissions in the contents on the Service, nor does it
            assume responsibility for any material provided by any external services.
			The use of the Service does not author the user to engage in any kind of illegal, criminal or tortious
            activity through the use of the software, including infringement of any third party intellectual property
            rights (including without limitation copyright, trade marks, patent, trade secrets and confidential
            information), fraud, child pornography, trafficking in obscene material, violation of applicable export
            restrictions, drug dealing, gambling, harassment, stalking, spamming, hacking, sending of viruses or other
            harmful files or illegal posting of computer passwords or computer code.
            The user is responsible for all their activity in connection with the use of the Service and the author
            reserves the right to report any potentially criminal activity to appropriate law enforcement agencies.
            The user must not transmit to or via the Service, any material that may infringe the intellectual property
            rights of any third party, or any defamatory, derogatory or offensive material or publication.
            In no event shall the author of this software be liable for any special, direct, indirect, consequential, or
            incidental damages or any damages whatsoever, whether in an action of contract, negligence or other tort,
            arising out of or in connection with the use of the Service or the contents of the Service.
            The author reserves the right to make additions, deletions, or modification to the contents on the Service
            at any time without prior notice.
			The author does not host or distribute any of the content displayed by this service. This service doesn’t host
			any content on its own server and just linking to or embedding content that was uploaded to popular Online
			Video hosting sites like dailymotion.com, Youtube.com, Google Drive, ZShare.net, cloudy, netu.tv and such
			sites. All trademarks, Videos, trade names, service marks, copyrighted work, logos referenced herein belong
			to their respective owners/companies. This service is not responsible for what other people upload to 3rd
			party sites. We urge all copyright owners, to recognize that the links contained within this site are
			located somewhere else on the web or video embedded are from other various site like included above!.
			If you have any legal issues please contact appropriate media file owners/hosters.
			Please note that the author does not guarantee the accuracy, relevance, timeliness, or completeness of any
            information on these external websites.
		</disclaimer>
		<assets>
            <icon>ico-hs.png</icon>
            <fanart>fanart-hs.jpg</fanart>
        </assets>
	</extension>
</addon>
