<?xml version="1.0" encoding="UTF-8" standalone="yes"?>
<addon id="context.hs" version="0.1.0" name="H-S Videos - Global Context Menu Items" provider-name="Hani Alshikh">
	<requires>
		<import addon="xbmc.addon" version="17.9.910" />
		<import addon="script.module.future" version="0.17.1"/>
	</requires>
	<extension point="kodi.context.item">
        <menu id="kodi.core.main">
			<item library="rescrape.py">
                <label>$ADDON[context.hs 30003]</label>
                <visible>String.IsEmpty(Window(home).Property(context.hs.rescrape)) + String.StartsWith(ListItem.path,plugin://plugin.video.hs/)+[String.IsEqual(ListItem.dbtype,episode)|String.IsEqual(ListItem.dbtype,movie)]</visible>
            </item>
			<item library="source_select.py">
                <label>$ADDON[context.hs 30004]</label>
                <visible>String.IsEmpty(Window(home).Property(context.hs.sourceSelect)) + String.StartsWith(ListItem.path,plugin://plugin.video.hs/)+[String.IsEqual(ListItem.dbtype,episode)|String.IsEqual(ListItem.dbtype,movie)]</visible>
            </item>
        </menu>
    </extension>
	<extension point="xbmc.service" library="service.py" />
	<extension point="xbmc.addon.metadata">
		<summary lang="en">H-S Videos - Global Context Menu Items</summary>
		<description lang="en">Adds Context Menu items for H-S Videos menu items throughout Kodi</description>
		<platform>all</platform>
		<license>GNU GENERAL PUBLIC LICENSE. Version 3, 29 June 2007</license>
		<forum></forum>
		<website></website>
		<source></source>
		<disclaimer lang="en"></disclaimer>
		<assets>
			<icon>ico-hs.png</icon>
			<fanart>fanart-hs.jpg</fanart>
		</assets>
		<news>
			Changelog 0.1.0:
			Initial release
		</news>
	</extension>
</addon>
