<?xml version="1.0" encoding="UTF-8" standalone="yes"?>
<addon id="repository.hs" name="H-S Repo" version="0.0.4" provider-name="Hani Alshikh">
  <extension point="xbmc.addon.repository" name="H-S Repo">
    <dir minversion="19.0">
      <info compressed="false">https://raw.githubusercontent.com/HaniAlshikh/kodi/master/repo/zips/addons.xml</info>
      <checksum>https://raw.githubusercontent.com/HaniAlshikh/kodi/master/repo/zips/addons.xml.md5</checksum>
      <datadir zip="true">https://raw.githubusercontent.com/HaniAlshikh/kodi/master/repo/zips/</datadir>
    </dir>
  </extension>
  <extension point="xbmc.addon.metadata">
    <summary>H-S</summary>
    <description>H-S Repository</description>
    <platform>all</platform>
    <assets>
      <icon>icon.png</icon>
      <fanart>fanart.jpg</fanart>
    </assets>
  </extension>
</addon>
